http://www.tbqq.net/forum.php?mod=image&aid=8329&size=280x350&key=52eae99ad14ec1b8,子希,http://www.tbqq.net/t6994211.html,白领丽人,170,53,<Element div at 0x6c6b8aeac8>,"
            	工作地:宁波
            "
http://www.tbqq.net/forum.php?mod=image&aid=18374&size=280x350&key=d3a71b4c65cf33db,大脸,http://www.tbqq.net/t7173611.html,白领丽人,160,46,<Element div at 0x6c6b8aecc8>,"
            	工作地:成都
            "
http://www.tbqq.net/forum.php?mod=image&aid=18352&size=280x350&key=3a6353408bec8381,云熙,http://www.tbqq.net/t7173211.html,白领丽人,163,45,<Element div at 0x6c6b8ae9c8>,"
            	工作地:广州
            "
http://www.tbqq.net/forum.php?mod=image&aid=18347&size=280x350&key=24b8479d022d6a23,尤一,http://www.tbqq.net/t7173111.html,年轻妈妈,170cm,50,<Element div at 0x6c6b8aeb88>,"
            	工作地:重庆
            "
http://www.tbqq.net/forum.php?mod=image&aid=18343&size=280x350&key=a65f7401ac4583be,咕咕,http://www.tbqq.net/t7173011.html,学生妹妹,163,44,<Element div at 0x6c6b8aeac8>,"
            	工作地:北京
            "
http://www.tbqq.net/forum.php?mod=image&aid=18334&size=280x350&key=b686eeb45ff26f4f,julie,http://www.tbqq.net/t7172811.html,白领丽人,172,55,<Element div at 0x6c6b8aecc8>,"
            	工作地:杭州
            "
http://www.tbqq.net/forum.php?mod=image&aid=18330&size=280x350&key=2f11340d27a1eecd,冯小依,http://www.tbqq.net/t7172611.html,白领丽人,162,46,<Element div at 0x6c6b8ae9c8>,"
            	工作地:广东东莞
            "
http://www.tbqq.net/forum.php?mod=image&aid=18318&size=280x350&key=07fb581f1f01c99e,危,http://www.tbqq.net/t7172411.html,白领丽人,160,38,<Element div at 0x6c6b8aeb88>,"
            	工作地:深圳
            "
http://www.tbqq.net/forum.php?mod=image&aid=18281&size=280x350&key=e8db2d2f79b2d45d,晗晗,http://www.tbqq.net/t7171611.html,白领丽人,167,48,<Element div at 0x6c6b8aeac8>,"
            	工作地:湖北省武汉市
            "
http://www.tbqq.net/forum.php?mod=image&aid=16693&size=280x350&key=89216f899bbce3f3,宝宝宝,http://www.tbqq.net/t7138211.html,学生妹妹,163,42,<Element div at 0x6c6b8aecc8>,"
            	工作地:杭州
            "
http://www.tbqq.net/forum.php?mod=image&aid=16648&size=280x350&key=686776ecd7c498b0,曹瑞,http://www.tbqq.net/t7137711.html,男模,182,140,<Element div at 0x6c6b8ae9c8>,"
            	工作地:西安
            "
http://www.tbqq.net/forum.php?mod=image&aid=16561&size=280x350&key=64d6ef07b58fbcdf,cc,http://www.tbqq.net/t7136111.html,白领丽人,160,94,<Element div at 0x6c6b8aeb88>,"
            	工作地:东莞
            "
http://www.tbqq.net/forum.php?mod=image&aid=16535&size=280x350&key=99d390912724cbc4,鱼大丹,http://www.tbqq.net/t7135711.html,年轻妈妈,161,53,<Element div at 0x6c6b8aeac8>,"
            	工作地:杭州市
            "
http://www.tbqq.net/forum.php?mod=image&aid=16705&size=280x350&key=530387a0670bfb19,朱庆,http://www.tbqq.net/t7135411.html,白领丽人,162,98,<Element div at 0x6c6b8aecc8>,"
            	工作地:平顶山
            "
http://www.tbqq.net/forum.php?mod=image&aid=16513&size=280x350&key=ef8411f5f1beca40,Jude,http://www.tbqq.net/t7135311.html,白领丽人,172,51,<Element div at 0x6c6b8ae9c8>,"
            	工作地:深圳
            "
http://www.tbqq.net/forum.php?mod=image&aid=16474&size=280x350&key=a83a490e95e51ae2,张紫轩,http://www.tbqq.net/t7134711.html,学生妹妹,163,90,<Element div at 0x6c6b8aeb88>,"
            	工作地:海南
            "
http://www.tbqq.net/forum.php?mod=image&aid=5967&size=280x350&key=ede4487fcfaf588f,伊伊,http://www.tbqq.net/t6915811.html,专业模特,169,45,<Element div at 0x6c6b8aeac8>,"
            	工作地:广州
            "
http://www.tbqq.net/forum.php?mod=image&aid=5434&size=280x350&key=cd188a2ff1355f28,佳妮,http://www.tbqq.net/t6593311.html,白领丽人,168,49,<Element div at 0x6c6b8aecc8>,"
            	工作地:江西
            "
http://www.tbqq.net/forum.php?mod=image&aid=10614&size=280x350&key=8976d374ab065fd8,沈晓熙,http://www.tbqq.net/t7025311.html,专业模特,163,45,<Element div at 0x6c6b8ae9c8>,"
            	工作地:汕头
            "
http://www.tbqq.net/forum.php?mod=image&aid=15060&size=280x350&key=5fb7235e90625d32,陈朦莹,http://www.tbqq.net/t7085311.html,白领丽人,165,52,<Element div at 0x6c6b8aeb88>,"
            	工作地:杭州
            "
http://www.tbqq.net/forum.php?mod=image&aid=13824&size=280x350&key=f6be01efd1a61ad5,shirley,http://www.tbqq.net/t7066211.html,白领丽人,166,49,<Element div at 0x6c6b8aeac8>,"
            	工作地:深圳
            "
http://www.tbqq.net/forum.php?mod=image&aid=14403&size=280x350&key=3e20bba62813995e,乌迎亚,http://www.tbqq.net/t7079511.html,白领丽人,168,48,<Element div at 0x6c6b8aecc8>,"
            	工作地:杭州
            "
http://www.tbqq.net/forum.php?mod=image&aid=14322&size=280x350&key=366bcc0d068ca1f0,阿云,http://www.tbqq.net/t7078311.html,学生妹妹,165,43,<Element div at 0x6c6b8ae9c8>,"
            	工作地:杭州
            "
http://www.tbqq.net/forum.php?mod=image&aid=14271&size=280x350&key=2e2c301a6d8dae01,灯灯,http://www.tbqq.net/t7077611.html,白领丽人,163,47,<Element div at 0x6c6b8aeb88>,"
            	工作地:山东济南
            "
http://www.tbqq.net/forum.php?mod=image&aid=14247&size=280x350&key=675759ca310d2169,悦子,http://www.tbqq.net/t7077211.html,白领丽人,162,46,<Element div at 0x6c6b8aeac8>,"
            	工作地:嘉兴
            "
http://www.tbqq.net/forum.php?mod=image&aid=14211&size=280x350&key=e6288a88494085b4,希一,http://www.tbqq.net/t7076611.html,白领丽人,160,44,<Element div at 0x6c6b8aecc8>,"
            	工作地:广州
            "
http://www.tbqq.net/forum.php?mod=image&aid=13774&size=280x350&key=19050b0fa52bf2ff,小雅,http://www.tbqq.net/t7068711.html,白领丽人,172,55,<Element div at 0x6c6b8ae9c8>,"
            	工作地:贵州贵阳
            "
http://www.tbqq.net/forum.php?mod=image&aid=13767&size=280x350&key=f84f8266a0b4b2ab,白方方,http://www.tbqq.net/t7068511.html,年轻妈妈,170,50kg,<Element div at 0x6c6b8aeb88>,"
            	工作地:山东
            "
